whale_ID,sex,class,pregnant,mom_calf,mom_calf_pair,datetime,month,year,season,seasonal_duration,Lab,Aircraft,Flight,Focal_Length,Sw,Iw,TL.mean,TL.lower,TL.upper,TL.HPDwidth,TL.var,TL.cv,BAI.mean,BAI.lower,BAI.upper,BAI.HPDwidth,BAI.var,BAI.cv
whale1,unknown,Mature Unknown,,NA,NA,3/5/19 12:32,3,2019,season 3,124.5228935,MaRRS,Alta,190305_A_F1,35,23.5,6000,12.25591052,11.51581166,13.50218659,1.986374934,0.357146708,17.07066873,25.09360063,24.30449636,25.872518,1.568021635,0.158373004,1.585906561
whale2,unknown,Mature Unknown,,,NA,3/9/19 17:24,3,2019,season 3,128.7252083,MaRRS,Alta,190309_A_F3,35,23.5,6000,12.2240258,11.51074143,12.9839925,1.473251066,0.140830729,10.73350553,26.29251159,26.21486797,26.3710827,0.156214733,0.001457473,0.145200508
whale3,unknown,Calf,,calf,18,3/11/19 14:46,3,2019,season 3,130.6157755,MaRRS,Alta,190311_A_F2,35,23.5,6000,8.008976771,7.660376918,8.699905875,1.039528957,0.122779186,12.381517,27.10264234,26.5943494,27.62540551,1.031056102,0.068568649,0.96616469
whale4,unknown,Juvenile Unknown,,,NA,3/11/19 13:55,3,2019,season 3,130.580463,MaRRS,Alta,190311_A_F1,35,23.5,6000,10.28673565,9.604696397,11.05731748,1.452621088,0.28136877,16.53861572,26.88756489,26.34515682,27.43262103,1.087464217,0.076524093,1.028839484
whale5,unknown,Calf,,calf,13,3/2/19 18:35,3,2019,season 3,121.7748727,MaRRS,Alta,190302_A_F1,35,23.5,6000,9.921540102,9.735290658,10.10701456,0.371723901,0.008906655,2.996179085,23.67597964,23.4081873,23.94189689,0.533709587,0.018190446,0.569657362
whale6,unknown,Juvenile Unknown,,NA,NA,3/5/19 14:23,3,2019,season 3,124.5993171,MaRRS,Alta,190305_A_F2,35,23.5,6000,10.80384756,10.55267052,11.06119027,0.508519753,0.016435968,3.900393493,24.16164435,23.96151879,24.35898916,0.397470368,0.010257805,0.419180179
whale7,F,Lactating Female,,mom,16,3/6/19 14:35,3,2019,season 3,125.6079514,MaRRS,Alta,190306_A_F3,35,23.5,6000,12.84932716,12.72762496,12.98717712,0.259552163,0.004308879,1.83122606,27.63075885,27.50365787,27.75761746,0.253959592,0.004222944,0.235187822
whale8,unknown,Calf,,calf,15,3/3/19 20:39,3,2019,season 3,122.8609722,MaRRS,Alta,190303_A_F5,35,23.5,6000,10.0044226,9.72415754,10.37679811,0.652640569,0.079339346,8.90529464,25.47706918,25.14343879,25.82103093,0.677592135,0.029895202,0.678658482
whale9,unknown,Mature Unknown,,,NA,3/3/19 19:04,3,2019,season 3,122.7946065,MaRRS,Alta,190303_A_F3,35,23.5,6000,12.25555037,11.72372684,12.79966723,1.075940392,0.07412585,7.777113462,24.95204808,24.6649823,25.22769339,0.562711085,0.020406384,0.572501761
whale10,unknown,Juvenile Unknown,,,NA,3/11/19 15:22,3,2019,season 3,130.6406366,MaRRS,Alta,190311_A_F3,35,23.5,6000,10.7973693,10.53447816,11.17732598,0.642847819,0.026859465,4.987577986,26.23026068,25.61024937,26.83668903,1.226439659,0.098858384,1.19868245
whale11,F,Lactating Female,,mom,18,3/11/19 14:46,3,2019,season 3,130.6157755,MaRRS,Alta,190311_A_F2,35,23.5,6000,14.10933452,13.55688839,14.65353713,1.096648746,0.079215631,7.492938687,25.37649763,25.09300622,25.66489533,0.571889111,0.021020967,0.57134004
whale12,unknown,Mature Unknown,,,NA,3/3/19 19:04,3,2019,season 3,122.7946065,MaRRS,Alta,190303_A_F3,35,23.5,6000,12.73554841,12.41565543,13.05052599,0.634870567,0.025789432,4.499995357,29.84740977,29.62383825,30.05923587,0.435397614,0.012238513,0.370644608
whale13,F,Non-pregnant Female,,,NA,2/25/19 10:29,2,2019,season 3,116.4368287,MaRRS,Alta,190225_A_F1,35,23.5,6000,12.56799034,12.44083035,12.70226581,0.261435462,0.00457317,1.907549163,30.14753752,29.95984052,30.33193236,0.372091839,0.008927887,0.313416966
whale14,unknown,Juvenile Unknown,,,NA,3/10/19 18:00,3,2019,season 3,129.7506019,MaRRS,Alta,190310_A_F1,35,23.5,6000,9.341625199,9.208610722,9.474091268,0.265480546,0.004810239,2.269196585,25.73010156,25.53806075,25.92312134,0.385060592,0.009615278,0.381100425
whale15,unknown,Mature Unknown,,,NA,3/5/19 12:32,3,2019,season 3,124.5228935,MaRRS,Alta,190305_A_F1,35,23.5,6000,12.28198416,12.05114979,12.52307445,0.471924658,0.014332171,3.416030372,23.97049825,23.75610973,24.17313397,0.417024242,0.011200996,0.441520889
whale16,unknown,Mature Unknown,,,NA,3/11/19 15:22,3,2019,season 3,130.6406366,MaRRS,Alta,190311_A_F3,35,23.5,6000,15.18681182,14.75302107,16.11283457,1.359813494,0.144320376,9.748336697,27.13282819,26.7734328,27.48841984,0.714987044,0.032732049,0.666793771
whale17,F,Juvenile Female,,,NA,3/6/19 13:59,3,2019,season 3,125.5827083,MaRRS,Alta,190306_A_F1,35,23.5,6000,10.20211936,9.739777104,10.83319606,1.093418957,0.162262415,12.61141356,25.32437185,25.15980308,25.49547512,0.335672041,0.007280429,0.336930088
whale18,unknown,Mature Unknown,,,NA,3/11/19 15:22,3,2019,season 3,130.6406366,MaRRS,Alta,190311_A_F3,35,23.5,6000,13.40128789,13.11983073,14.41843369,1.298602967,0.104029682,8.810597617,29.07289535,28.84240592,29.30357341,0.461167484,0.013772409,0.403660893
whale19,unknown,Mature Unknown,,,NA,3/6/19 14:35,3,2019,season 3,125.6079514,MaRRS,Alta,190306_A_F3,35,23.5,6000,12.33174911,12.1556402,12.52132761,0.365687418,0.008611882,2.642631956,26.48250219,26.28898314,26.67526587,0.386282728,0.009668319,0.371292742
whale20,unknown,Mature Unknown,,,NA,3/11/19 15:22,3,2019,season 3,130.6406366,MaRRS,Alta,190311_A_F3,35,23.5,6000,14.23096001,13.5463895,15.6291857,2.082796197,0.530109123,19.3003658,27.64479336,27.19862263,28.0929151,0.894292477,0.051365892,0.819830495
whale21,unknown,Juvenile Unknown,,,NA,2/24/19 13:36,2,2019,season 3,115.5672454,MaRRS,Alta,190224_A_F2,35,23.5,6000,8.92179036,8.848829388,8.995028459,0.146199071,0.001396898,1.251285472,25.51541467,25.23856949,25.78326218,0.544692689,0.019361892,0.545344915
whale22,unknown,Calf,,calf,16,3/6/19 14:35,3,2019,season 3,125.6079514,MaRRS,Alta,190306_A_F3,35,23.5,6000,8.494289894,8.349777475,8.673776437,0.323998962,0.006857497,2.841314273,23.92074275,23.65300018,24.17716854,0.524168357,0.017913648,0.559522238
whale23,unknown,Mature Unknown,,,NA,3/11/19 14:46,3,2019,season 3,130.6157755,MaRRS,Alta,190311_A_F2,35,23.5,6000,12.29512938,12.16228593,12.43107588,0.268789949,0.004732689,1.961947808,27.56993989,27.36964413,27.77043045,0.400786318,0.010357501,0.369140473
whale24,F,Lactating Female,,mom,15,3/3/19 20:39,3,2019,season 3,122.8609722,MaRRS,Alta,190303_A_F5,35,23.5,6000,12.79870013,12.51065101,13.0861072,0.57545619,0.053370059,6.457522244,25.49074571,25.0878889,25.90048615,0.812597251,0.042961693,0.813126574
whale25,unknown,Juvenile Unknown,,,NA,3/11/19 13:55,3,2019,season 3,130.580463,MaRRS,Alta,190311_A_F1,35,23.5,6000,11.00975926,10.88621276,11.13473581,0.248523056,0.004050215,1.918006689,27.46541861,27.23205159,27.71293486,0.480883266,0.015001877,0.445950425
whale26,F,Juvenile Female,,,NA,2/28/19 12:12,2,2019,season 3,119.5089931,MaRRS,Alta,190228_A_F2,35,23.5,6000,10.33080381,10.2307892,10.43601333,0.205224125,0.002740553,1.628741197,25.23825569,25.0714132,25.41402802,0.342614826,0.00758272,0.345027074
whale27,unknown,Juvenile Unknown,,,NA,3/11/19 15:22,3,2019,season 3,130.6406366,MaRRS,Alta,190311_A_F3,35,23.5,6000,10.81299652,10.6005564,11.03469315,0.434136759,0.012174762,3.355499705,24.92138054,24.83995665,25.00301694,0.163060288,0.001587549,0.159879027
whale28,unknown,Juvenile Unknown,,,NA,3/3/19 19:04,3,2019,season 3,122.7946065,MaRRS,Alta,190303_A_F3,35,23.5,6000,8.887810604,8.731480506,9.057844348,0.326363842,0.006867951,2.779816945,27.10803746,26.8479394,27.36588133,0.517941927,0.017330609,0.485633725
whale29,unknown,Juvenile Unknown,,,NA,2/25/19 10:29,2,2019,season 3,116.4368287,MaRRS,Alta,190225_A_F1,35,23.5,6000,10.3202374,9.932327634,11.1821047,1.249777063,0.114398195,10.52845737,25.34115105,25.05568618,25.63258772,0.576901546,0.02153056,0.57903035
whale30,unknown,Juvenile Unknown,,,NA,3/3/19 19:04,3,2019,season 3,122.7946065,MaRRS,Alta,190303_A_F3,35,23.5,6000,10.1855369,9.973305695,10.42145232,0.448146621,0.013301074,3.613694104,30.0302257,29.88645995,30.17051409,0.284054136,0.005179858,0.239662646
whale31,unknown,Juvenile Unknown,,,NA,3/3/19 19:57,3,2019,season 3,122.8314583,MaRRS,Alta,190303_A_F4,35,23.5,6000,11.00844803,10.84926156,11.17257323,0.32331167,0.006753824,2.476919166,29.06448029,28.77960881,29.35224132,0.572632515,0.02116714,0.500574279
whale32,unknown,Mature Unknown,,,NA,3/3/19 19:04,3,2019,season 3,122.7946065,MaRRS,Alta,190303_A_F3,35,23.5,6000,11.79419583,11.56135961,12.03700032,0.475640705,0.014667167,3.526459968,30.35033906,30.116969,30.57604577,0.459076767,0.013485772,0.382625899
whale33,unknown,Juvenile Unknown,,,NA,3/3/19 19:04,3,2019,season 3,122.7946065,MaRRS,Alta,190303_A_F3,35,23.5,6000,9.087733299,8.819573482,9.387755834,0.568182351,0.041066847,6.722300053,27.2524577,27.11957046,27.38906427,0.269493814,0.004690402,0.251303968
whale34,F,Lactating Female,,mom,14,3/3/19 19:57,3,2019,season 3,122.8314583,MaRRS,Alta,190303_A_F4,35,23.5,6000,11.60655932,11.34341474,11.88795418,0.544539444,0.019544046,4.10350995,28.60734786,28.54897349,28.66507532,0.11610183,0.000825501,0.100434128
whale35,unknown,Calf,,calf,14,3/3/19 19:57,3,2019,season 3,122.8314583,MaRRS,Alta,190303_A_F4,35,23.5,6000,7.550253008,7.409771465,7.695665967,0.285894502,0.005368403,2.666501417,24.67618145,24.25387813,25.08271482,0.828836691,0.04455845,0.855435135
whale36,unknown,Calf,,calf,5,2/4/17 18:49,2,2017,season 1,95.78456019,MaRRS,Alta,170204_A_F5,50,23.5,6000,8.630059042,8.270559516,8.982632749,0.712073232,0.033450559,6.225794834,25.95770666,25.83563691,26.08049684,0.244859938,0.003922356,0.241272138
whale37,unknown,Mature Unknown,,,NA,2/3/17 10:58,2,2017,season 1,94.45739583,MaRRS,Alta,170203_A_F2,50,23.5,6000,12.74061637,12.62592285,12.85683092,0.230908065,0.003435479,1.642095526,28.03249079,27.6675388,28.39187484,0.724336037,0.033939276,0.657187965
whale38,unknown,Mature Unknown,,,NA,2/3/17 10:58,2,2017,season 1,94.45739583,MaRRS,Alta,170203_A_F2,50,23.5,6000,12.61454055,12.49604216,12.73937713,0.243334971,0.003809956,1.737897983,28.11842664,28.05297991,28.18304741,0.130067503,0.001051152,0.115303298
whale39,unknown,Mature Unknown,,,NA,1/22/18 16:56,1,2018,season 2,82.70603009,MaRRS,Alta,180122_A_F1,50,23.5,6000,12.16916179,12.07012042,12.26859552,0.198475095,0.002541823,1.445247914,23.57707415,23.26628043,23.88510008,0.618819648,0.024875257,0.668950333
whale40,unknown,Mature Unknown,,,NA,2/3/17 10:58,2,2017,season 1,94.45739583,MaRRS,Alta,170203_A_F2,50,23.5,6000,13.30068766,13.13948952,13.46214114,0.322651629,0.006874968,2.273517458,25.14363706,24.92077144,25.37909661,0.458325173,0.013478636,0.461737216
whale41,unknown,Juvenile Unknown,,,NA,2/3/17 20:48,2,2017,season 1,94.8672338,MaRRS,Alta,170203_A_F5,50,23.5,6000,10.18639165,10.09126187,10.28256313,0.191301266,0.00236616,1.524094518,28.32854441,28.24562524,28.41401543,0.168390188,0.001744901,0.147455545
whale42,F,Lactating Female,,mom,6,2/4/17 21:24,2,2017,season 1,95.89228009,MaRRS,Alta,170204_A_F7,50,23.5,6000,12.41892458,12.15630118,12.69208584,0.535784655,0.040036194,5.677856285,26.20366121,25.74117355,26.66536845,0.9241949,0.055770501,0.901239666
whale43,unknown,Mature Unknown,,,NA,1/8/17 16:32,1,2017,season 1,68.68891204,MaRRS,Alta,170108_A_F3,50,23.5,6000,15.03091458,14.35848964,15.71083849,1.35234885,0.117479746,8.840743605,26.49588612,26.43582466,26.55651867,0.120694007,0.000908479,0.113757206
whale44,unknown,Mature Unknown,,,NA,2/3/17 18:02,2,2017,season 1,94.75203704,MaRRS,Alta,170203_A_F4,50,23.5,6000,12.14287798,12.05106264,12.23524817,0.184185529,0.002190732,1.34317883,26.18966835,25.9975695,26.38044705,0.382877551,0.009413696,0.370467471
whale45,unknown,Juvenile Unknown,,,NA,2/2/17 22:13,2,2017,season 1,93.92597222,MaRRS,Alta,170202_A_F2,50,23.5,6000,11.40835112,11.2280579,11.60079264,0.372734738,0.00914742,2.831638899,25.77459541,25.4557995,26.09971789,0.643918382,0.026571241,0.632432329
whale46,unknown,Mature Unknown,,,NA,2/3/17 18:02,2,2017,season 1,94.75203704,MaRRS,Alta,170203_A_F4,50,23.5,6000,13.35015349,13.24436485,13.45681537,0.212450517,0.002922622,1.479596199,24.83607855,24.55834039,25.10071086,0.542370474,0.019128004,0.556867414
whale47,unknown,Mature Unknown,,,NA,2/3/17 18:02,2,2017,season 1,94.75203704,MaRRS,Alta,170203_A_F4,50,23.5,6000,13.60831361,13.26085036,13.97252497,0.711674615,0.032833208,4.911956442,24.46421321,24.21289547,24.71502031,0.502124831,0.016150497,0.519471459
whale48,unknown,Mature Unknown,,,NA,2/4/17 21:24,2,2017,season 1,95.89228009,MaRRS,Alta,170204_A_F7,50,23.5,6000,13.23367954,13.06402161,13.39823487,0.334213257,0.007257996,2.341898431,23.37562539,22.93035199,23.82253217,0.892180186,0.051184291,0.96784343
whale49,unknown,Juvenile Unknown,,,NA,2/4/17 21:24,2,2017,season 1,95.89228009,MaRRS,Alta,170204_A_F7,50,23.5,6000,10.48848414,10.38414774,10.59298759,0.208839852,0.002819261,1.639499319,27.70228127,27.3427354,28.08125059,0.738515185,0.035198939,0.677250372
whale50,unknown,Mature Unknown,,,NA,2/2/17 20:32,2,2017,season 1,93.85563657,MaRRS,Alta,170202_A_F1,50,23.5,6000,12.26747946,12.11502963,12.41445785,0.299428221,0.00696614,2.38296928,24.54825061,24.24844108,24.84794508,0.599504,0.023146642,0.619759864
whale51,unknown,Juvenile Unknown,,,NA,1/6/17 12:08,1,2017,season 1,66.50613426,MaRRS,Alta,170106_A_F1,50,23.5,6000,11.07200578,10.57423763,11.5883255,1.014087876,0.066642749,7.758241621,25.13478554,24.66444872,25.598966,0.934517278,0.056399511,0.944849171
whale52,unknown,Calf,,calf,2,1/8/17 16:32,1,2017,season 1,68.68891204,MaRRS,Alta,170108_A_F3,50,23.5,6000,9.363781773,9.134999042,9.593992561,0.458993519,0.013523679,3.800334176,24.02978117,23.76637856,24.31300661,0.546628059,0.019165169,0.576111451
whale53,F,Lactating Female,,mom,4,2/4/17 14:21,2,2017,season 1,95.59806713,MaRRS,Alta,170204_A_F3,50,23.5,6000,11.80878058,11.73150433,11.88869018,0.157185855,0.001599597,1.163865441,21.8585709,21.69843874,22.01829839,0.31985965,0.006575532,0.370974178
whale54,unknown,Mature Unknown,,,NA,2/4/17 21:24,2,2017,season 1,95.89228009,MaRRS,Alta,170204_A_F7,50,23.5,6000,13.12126092,13.00300036,13.24448194,0.241481577,0.003777265,1.696683937,22.55004366,22.48934228,22.61121551,0.121873229,0.000911296,0.133869715
whale55,unknown,Mature Unknown,,,NA,2/4/17 19:18,2,2017,season 1,95.80474537,MaRRS,Alta,170204_A_F6,50,23.5,6000,12.33282568,12.22081267,12.4468596,0.22604693,0.003359058,1.650355284,25.87028723,25.68496307,26.05114628,0.366183213,0.008603474,0.358538396
whale56,unknown,Mature Unknown,,,NA,2/4/17 11:42,2,2017,season 1,95.48809028,MaRRS,Alta,170204_A_F1,50,23.5,6000,11.93874518,11.75102096,12.13852779,0.387506835,0.009732174,2.855128094,26.46968245,25.76601695,27.13511259,1.369095644,0.121490961,1.316810411
whale57,unknown,Mature Unknown,,,NA,2/3/17 9:20,2,2017,season 1,94.38912037,MaRRS,Alta,170203_A_F1,50,23.5,6000,13.73951037,12.7302906,14.78165667,2.051366062,0.270619418,14.03439998,27.42873052,27.38778411,27.46930299,0.081518885,0.000408566,0.073692856
whale58,unknown,Juvenile Unknown,,,NA,2/3/17 20:48,2,2017,season 1,94.8672338,MaRRS,Alta,170203_A_F5,50,23.5,6000,11.46526665,11.35093411,11.58368882,0.232754715,0.003494008,1.745700929,28.77545035,28.70731391,28.84164233,0.134328414,0.001120241,0.116314427
whale59,unknown,Mature Unknown,,,NA,2/3/17 20:48,2,2017,season 1,94.8672338,MaRRS,Alta,170203_A_F5,50,23.5,6000,12.71896192,12.61444621,12.8313047,0.216858488,0.003069023,1.553367476,25.0032231,24.71012642,25.29073398,0.580607564,0.02181469,0.590715724
whale60,unknown,Mature Unknown,,,NA,2/3/17 20:48,2,2017,season 1,94.8672338,MaRRS,Alta,170203_A_F5,50,23.5,6000,13.35994415,13.22869015,13.48767966,0.258989507,0.004343999,1.803194376,24.87900571,24.52136943,25.23205271,0.710683286,0.032877527,0.728813737
whale61,unknown,Mature Unknown,,,NA,2/3/17 10:58,2,2017,season 1,94.45739583,MaRRS,Alta,170203_A_F2,50,23.5,6000,12.87267142,12.75209717,12.99995532,0.24785815,0.003918298,1.744674444,27.97051896,27.90743799,28.03337937,0.125941389,0.000981875,0.112028249
whale62,unknown,Mature Unknown,,,NA,2/3/17 20:48,2,2017,season 1,94.8672338,MaRRS,Alta,170203_A_F5,50,23.5,6000,13.4653553,13.33130901,13.60463594,0.273326926,0.004759352,1.880030922,23.10804519,23.05421837,23.16432412,0.110105748,0.000747451,0.11831182
whale63,unknown,Mature Unknown,,,NA,1/25/18 16:44,1,2018,season 2,85.69773148,MaRRS,Alta,180125_A_F1,50,23.5,6000,12.35357184,12.22275568,12.48545458,0.262698909,0.004411354,1.889686109,24.46729564,24.40967058,24.52709498,0.117424403,0.000860862,0.119917009
whale64,unknown,Mature Unknown,,,NA,2/2/17 22:13,2,2017,season 1,93.92597222,MaRRS,Alta,170202_A_F2,50,23.5,6000,11.88664687,11.52524458,12.2536437,0.728399125,0.033851391,5.336525349,24.37959994,24.08819835,24.66193831,0.573739958,0.021118497,0.596080515
whale65,unknown,Juvenile Unknown,,,NA,2/3/17 18:02,2,2017,season 1,94.75203704,MaRRS,Alta,170203_A_F4,50,23.5,6000,11.22007246,11.05213082,11.3945615,0.342430684,0.007778104,2.632928361,25.83924179,25.51693288,26.16882554,0.651892656,0.027652015,0.643551978
whale66,unknown,Calf,,calf,4,2/4/17 14:21,2,2017,season 1,95.59806713,MaRRS,Alta,170204_A_F3,50,23.5,6000,7.752855537,7.691613053,7.815674697,0.124061644,0.00099233,1.131350889,23.925331,23.72603543,24.12548391,0.399448482,0.010358317,0.425389371
whale67,unknown,Mature Unknown,,,NA,2/3/17 11:36,2,2017,season 1,94.4834838,MaRRS,Alta,170203_A_F3,50,23.5,6000,13.55454496,12.99292338,14.14309398,1.150170609,0.084372794,7.889668269,25.24607591,25.17292464,25.31593285,0.143008214,0.001266772,0.140979277
whale68,F,Juvenile Female,NA,,NA,1/8/17 15:00,1,2017,season 1,68.625,MaRRS,Alta,170108_A_F2,50,23.5,6000,11.58920628,11.24468944,11.96676646,0.722077015,0.032918841,5.329609913,24.36507814,24.09571594,24.62071965,0.525003714,0.017716385,0.546285595
whale69,unknown,Mature Unknown,,,NA,2/2/17 22:13,2,2017,season 1,93.92597222,MaRRS,Alta,170202_A_F2,50,23.5,6000,12.24405765,12.07042716,12.42598344,0.355556285,0.013161092,3.278561117,27.67838724,27.35475906,28.01535193,0.660592871,0.028479226,0.609709988
whale70,F,Lactating Female,,mom,2,1/8/17 16:32,1,2017,season 1,68.68891204,MaRRS,Alta,170108_A_F3,50,23.5,6000,14.58496186,14.26886158,14.9052224,0.636360822,0.026409901,4.255305393,21.18070532,20.89561604,21.46664138,0.57102534,0.021202877,0.687475115
whale71,unknown,Juvenile Unknown,,,NA,2/2/17 20:32,2,2017,season 1,93.85563657,MaRRS,Alta,170202_A_F1,50,23.5,6000,11.422995,11.30766852,11.53722503,0.229556504,0.003382376,1.720762561,25.07040461,25.00423612,25.13873341,0.134497291,0.001106078,0.132657409
whale72,unknown,Mature Unknown,,,NA,2/4/17 21:24,2,2017,season 1,95.89228009,MaRRS,Alta,170204_A_F7,50,23.5,6000,13.4095194,12.87844527,13.95095282,1.072507549,0.073998451,7.428561222,23.23857481,23.16635635,23.31546471,0.149108355,0.001368676,0.159199206
whale73,unknown,Juvenile Unknown,,,NA,1/6/17 12:08,1,2017,season 1,66.50613426,MaRRS,Alta,170106_A_F1,50,23.5,6000,9.509067983,9.376446511,9.641153329,0.264706818,0.004544646,2.186155401,26.00962851,25.95164575,26.06875498,0.117109223,0.000841161,0.111507872
whale74,unknown,Juvenile Unknown,,,NA,2/4/17 16:37,2,2017,season 1,95.69295139,MaRRS,Alta,170204_A_F4,50,23.5,6000,8.845327026,8.772131349,8.922578678,0.150447329,0.001472941,1.290434,23.60874659,23.40703913,23.80727338,0.400234253,0.010251571,0.428866656
whale75,unknown,Mature Unknown,,,NA,2/4/17 21:24,2,2017,season 1,95.89228009,MaRRS,Alta,170204_A_F7,50,23.5,6000,12.39354767,11.89255519,12.89269076,1.000135575,0.063704617,7.169479609,24.45423908,24.3726094,24.53675006,0.16414066,0.001662193,0.166719585
whale76,unknown,Juvenile Unknown,,,NA,2/2/17 20:32,2,2017,season 1,93.85563657,MaRRS,Alta,170202_A_F1,50,23.5,6000,10.64997866,10.55863187,10.7452565,0.18662463,0.00226636,1.458780811,24.25653771,24.01902949,24.492282,0.4732525,0.01461955,0.498469042
whale77,unknown,Mature Unknown,,,NA,2/2/17 20:32,2,2017,season 1,93.85563657,MaRRS,Alta,170202_A_F1,50,23.5,6000,11.6087001,11.43974062,11.76647073,0.326730106,0.01150155,3.147649736,27.7520771,27.33714304,28.18316764,0.846024597,0.045999604,0.772825693
whale78,unknown,Calf,,calf,6,2/4/17 21:24,2,2017,season 1,95.89228009,MaRRS,Alta,170204_A_F7,50,23.5,6000,8.517052169,8.427564433,8.609010616,0.181446183,0.002150469,1.588992772,23.53590812,23.14232315,23.93036178,0.788038635,0.040371302,0.853700271
whale79,unknown,Juvenile Unknown,,,NA,2/4/17 11:42,2,2017,season 1,95.48809028,MaRRS,Alta,170204_A_F1,50,23.5,6000,8.547445848,8.436574415,8.6636141,0.227039686,0.003349521,1.97958053,27.75115824,27.47057783,28.02238419,0.551806352,0.019686643,0.505597266
whale80,unknown,Mature Unknown,,,NA,2/4/17 19:18,2,2017,season 1,95.80474537,MaRRS,Alta,170204_A_F6,50,23.5,6000,13.28571856,13.11610831,13.459194,0.343085684,0.007627607,2.396081726,25.22972095,25.02190574,25.43365341,0.411747662,0.010913778,0.414071283
whale81,F,Lactating Female,,mom,1,1/8/17 14:29,1,2017,season 1,68.60357639,MaRRS,Alta,170108_A_F1,50,23.5,6000,12.84055005,12.21924084,13.4868112,1.267570356,0.103655455,8.984714184,26.62117763,26.55508935,26.6840752,0.128985854,0.001026976,0.120379608
whale82,F,Lactating Female,,mom,5,2/4/17 18:49,2,2017,season 1,95.78456019,MaRRS,Alta,170204_A_F5,50,23.5,6000,15.14356015,14.68726868,15.6009154,0.913646726,0.053806923,5.960807355,24.03851955,23.80519766,24.27131325,0.466115587,0.014013784,0.492458897
whale83,unknown,Mature Unknown,,,NA,1/19/17 1:53,1,2017,season 1,79.07888889,MaRRS,Alta,170119_A_F1,50,23.5,6000,13.13085205,12.61385646,13.64786105,1.034004586,0.069060687,7.252186978,27.08914256,26.20729096,27.93509449,1.727803535,0.193594517,1.624243989
whale84,unknown,Juvenile Unknown,,,NA,11/21/18 15:23,11,2018,season 3,20.64119213,FC,I1Pro,181121_F35,25,17.3,4608,8.933375277,8.502610401,9.369999048,0.867388647,0.048312916,7.354003585,23.92714147,23.75663123,24.09051957,0.333888345,0.007271594,0.356388754
whale85,unknown,Juvenile Unknown,,,NA,3/8/18 10:23,3,2018,season 2,127.433125,FC,I1Pro,180308_F23,25,17.3,4608,11.10388509,10.94960667,11.26287482,0.31326815,0.006318307,2.385409112,24.80496167,24.58401937,25.01673904,0.432719669,0.01213608,0.444120331
whale86,F,Juvenile Female,,,NA,3/5/18 15:44,3,2018,season 2,124.656088,FC,I1Pro,180305_F08,25,17.3,4608,11.32481679,10.89254979,11.77297441,0.880424621,0.050778353,6.696127454,24.91224926,24.66316932,25.15644497,0.493275652,0.015859575,0.505513582
whale87,F,Juvenile Female,,,NA,11/23/18 14:55,11,2018,season 3,22.62175926,FC,I1Pro,181123_F37,25,17.3,4608,11.08579402,10.93647753,11.23955931,0.303081779,0.005952849,2.317282768,23.75985381,23.55053523,23.96593705,0.415401818,0.01122817,0.445975212
whale88,unknown,Juvenile Unknown,,,NA,3/8/18 16:44,3,2018,season 2,127.6972454,FC,I1Pro,180308_F29,25,17.3,4608,10.06628062,9.847699808,10.29848477,0.450784964,0.013907745,3.717011001,25.14897247,24.74302026,25.54999935,0.806979089,0.042034123,0.81523112
whale89,F,Juvenile Female,,,NA,3/8/18 9:59,3,2018,season 2,127.4165972,FC,I1Pro,180308_F22,25,17.3,4608,10.72419837,10.1817829,11.27601334,1.094230445,0.077666111,8.510074462,27.51846775,27.24100131,27.79504065,0.554039348,0.019983337,0.513700226
whale90,F,Lactating Female,,mom,26,3/8/18 16:44,3,2018,season 2,127.6972454,FC,I1Pro,180308_F29,25,17.3,4608,13.23617734,13.01983579,13.43943972,0.419603932,0.011337127,2.926646145,28.71759625,28.39388499,29.0408419,0.646956909,0.027121659,0.573469127
whale91,F,Lactating Female,No,mom,20,2/26/18 16:41,2,2018,season 2,117.6956366,FC,I1Pro,180226_F06,25,17.3,4608,12.14169552,11.75148885,12.56170324,0.810214384,0.042323459,5.904061995,23.61705019,23.27667999,23.96419764,0.687517654,0.030347417,0.737624292
whale92,F,Non-pregnant Female,,,NA,11/21/18 11:20,11,2018,season 3,20.4724537,FC,I1Pro,181121_F33,25,17.3,4608,12.75972926,12.34595834,13.19840989,0.852451557,0.047041621,6.071841259,25.74320171,25.56075141,25.9293965,0.368645089,0.008804672,0.36449707
whale93,unknown,Juvenile Unknown,,,NA,3/7/18 9:04,3,2018,season 2,126.3783565,FC,I1Pro,180307_F15,25,17.3,4608,10.55459838,10.23089094,10.89851021,0.667619272,0.028884815,5.231351994,25.47454753,25.22471118,25.72606768,0.501356503,0.016367012,0.50220175
whale94,unknown,Calf,,calf,25,3/8/18 16:33,3,2018,season 2,127.6898727,FC,I1Pro,180308_F28,25,17.3,4608,9.640679026,9.419809094,9.862703455,0.442894361,0.012676709,3.62618075,26.69373427,26.56378942,26.82166051,0.257871085,0.004274318,0.244919894
whale95,unknown,Juvenile Unknown,,,NA,12/6/18 20:55,12,2018,season 3,35.87186343,FC,I1Pro,181206_F41,25,17.3,4608,10.54179954,10.16025549,10.92057331,0.760317818,0.037534277,5.967008453,25.15294627,24.85800699,25.44856243,0.590555447,0.022630713,0.598081342
whale96,unknown,Juvenile Unknown,,,NA,3/8/18 15:54,3,2018,season 2,127.6627894,FC,I1Pro,180308_F26,25,17.3,4608,10.87542764,10.7368925,11.02300627,0.286113766,0.005349246,2.217803846,26.422325,26.37720546,26.46876642,0.091560962,0.00053757,0.087749875
whale97,unknown,Juvenile Unknown,,,NA,3/8/18 9:49,3,2018,season 2,127.4092361,FC,I1Pro,180308_F21,25,17.3,4608,11.31917994,11.16859768,11.46828007,0.299682389,0.005761102,2.256032286,28.14376199,27.90218938,28.38241128,0.480221899,0.014897931,0.433691413
whale98,unknown,Mature Unknown,,,NA,12/2/18 18:43,12,2018,season 3,31.78042824,FC,I1Pro,181202_F39,25,17.3,4608,11.92663244,11.44770683,12.40924216,0.961535325,0.059871452,7.085181467,25.32357214,25.05450178,25.59472558,0.540223796,0.018853715,0.542217466
whale99,unknown,Juvenile Unknown,,,NA,3/8/18 17:34,3,2018,season 2,127.7320139,FC,I1Pro,180308_F30,25,17.3,4608,9.070205427,8.917835975,9.220685589,0.302849615,0.005930779,2.557097538,27.01059655,26.96653251,27.05349059,0.086958076,0.000483102,0.081373927
whale100,unknown,Calf,,calf,24,3/7/18 11:39,3,2018,season 2,126.4860764,FC,I1Pro,180307_F20,25,17.3,4608,7.841719172,7.746483993,7.936888342,0.190404348,0.002302694,1.713612004,27.35093438,27.28528852,27.41735165,0.132063136,0.001107744,0.121687916
whale101,unknown,Juvenile Unknown,,,NA,12/6/18 19:12,12,2018,season 3,35.80053241,FC,I1Pro,181206_F40,25,17.3,4608,11.16685761,11.04944398,11.28566323,0.236219251,0.003601018,1.795755279,26.0399464,25.70284614,26.36204734,0.659201198,0.028493118,0.648231163
whale102,unknown,Juvenile Unknown,,,NA,3/9/18 16:23,3,2018,season 2,128.6832292,FC,I1Pro,180309_F32,25,17.3,4608,9.690131022,9.526928118,9.863939272,0.337011154,0.007324707,2.749351789,26.35882592,26.15693024,26.55166948,0.394739243,0.010179376,0.382767016
whale103,unknown,Juvenile Unknown,,,NA,3/7/18 10:47,3,2018,season 2,126.4496644,FC,I1Pro,180307_F18,25,17.3,4608,10.66148934,10.46082526,10.86140804,0.400582783,0.010955263,3.205549297,25.93819475,25.54137824,26.3143801,0.773001867,0.038748684,0.758907304
whale104,F,Non-pregnant Female,,,NA,3/7/18 9:40,3,2018,season 2,126.4032292,FC,I1Pro,180307_F17,25,17.3,4608,12.6295369,12.45275992,12.79644013,0.343680209,0.007650378,2.461204664,24.38119129,24.34390556,24.4198415,0.075935941,0.000367403,0.078617039
whale105,unknown,Mature Unknown,,,NA,3/8/18 16:33,3,2018,season 2,127.6898727,FC,I1Pro,180308_F28,25,17.3,4608,12.18241439,12.10675275,12.25862238,0.151869629,0.001483328,1.103447959,24.69377697,24.60228981,24.78959794,0.187308125,0.00221332,0.19051739
whale106,F,Juvenile Female,,,NA,3/8/18 17:34,3,2018,season 2,127.7320139,FC,I1Pro,180308_F30,25,17.3,4608,9.501568154,9.296232333,9.71362135,0.417389017,0.011509142,3.480357298,27.50271135,26.82267504,28.18090173,1.35822669,0.120120492,1.260181327
whale107,F,Juvenile Female,,,NA,3/5/18 15:44,3,2018,season 2,124.656088,FC,I1Pro,180305_F08,25,17.3,4608,10.35390269,9.871663485,10.83001626,0.958352772,0.058772335,7.53415294,28.16368624,27.85993644,28.46660713,0.606670684,0.0239381,0.549357863
whale108,unknown,Mature Unknown,,,NA,2/25/18 10:37,2,2018,season 2,116.443044,FC,I1Pro,180225_F01,25,17.3,4608,12.20882265,11.61476585,12.83219336,1.217427508,0.095676514,8.852496826,19.73576776,19.68774182,19.784363,0.096621181,0.000596471,0.123748655
whale109,F,Juvenile Female,NA,,NA,3/7/18 11:02,3,2018,season 2,126.4601736,FC,I1Pro,180307_F19,25,17.3,4608,10.69002233,10.55169717,10.82488976,0.273192587,0.0047639,2.111018292,26.96053539,26.78597442,27.14609906,0.360124647,0.008387051,0.339684817
whale110,F,Calf,,calf,42,3/8/18 16:00,3,2018,season 2,127.6671644,FC,I1Pro,180308_F27,25,17.3,4608,8.457565759,8.348869297,8.570766333,0.221897036,0.00316406,1.934192298,26.08008293,25.75796871,26.39820644,0.640237736,0.026703578,0.626578896
whale111,F,Juvenile Female,,,NA,3/7/18 9:28,3,2018,season 2,126.3948148,FC,I1Pro,180307_F16,25,17.3,4608,11.58189542,11.41686553,11.747141,0.33027547,0.007024658,2.462763904,25.24195615,25.02633806,25.45688448,0.430546425,0.012005449,0.434076412
whale112,unknown,Juvenile Unknown,,,NA,12/6/18 21:04,12,2018,season 3,35.87797454,FC,I1Pro,181206_F42,25,17.3,4608,10.74823509,10.60189047,10.8859413,0.284050826,0.005260087,2.21221771,23.17034322,22.99044845,23.34808305,0.3576346,0.008217826,0.391242472
whale113,unknown,Juvenile Unknown,,,NA,12/7/18 18:52,12,2018,season 3,36.78672454,FC,I1Pro,181207_F43,25,17.3,4608,11.2146808,11.11717259,11.31137891,0.194206323,0.002452364,1.478764506,21.63798954,21.46654612,21.81466224,0.348116113,0.007823273,0.408768408
whale114,unknown,Juvenile Unknown,,,NA,3/7/18 9:04,3,2018,season 2,126.3783565,FC,I1Pro,180307_F15,25,17.3,4608,10.46742843,10.10327524,10.8426169,0.739341655,0.035852846,5.852505307,26.20986919,25.99802301,26.42282251,0.4247995,0.011628235,0.411426289
whale115,unknown,Juvenile Unknown,,,NA,3/8/18 15:54,3,2018,season 2,127.6627894,FC,I1Pro,180308_F26,25,17.3,4608,8.682927027,8.557821102,8.809078029,0.251256926,0.004078532,2.167299142,26.3289139,26.27621494,26.38107457,0.104859625,0.000694788,0.100113652
whale116,F,Juvenile Female,,,NA,12/2/18 18:43,12,2018,season 3,31.78042824,FC,I1Pro,181202_F39,25,17.3,4608,11.59637356,11.19811439,11.99512593,0.79701154,0.04102823,5.948127791,24.54025133,24.21358859,24.8746267,0.661038103,0.028358116,0.686214174
whale117,unknown,Mature Unknown,,,NA,3/6/18 16:10,3,2018,season 2,125.67375,FC,I1Pro,180306_F12,25,17.3,4608,12.52031163,11.71176115,13.36178015,1.650019006,0.176825676,11.88406706,24.81456719,24.77849289,24.85066353,0.072170632,0.000335592,0.073824264
whale118,F,Juvenile Female,No,,NA,2/25/18 10:37,2,2018,season 2,116.4426968,FC,I1Pro,180225_F03,25,17.3,4608,9.986933171,9.642847715,10.33477888,0.691931169,0.031403317,5.607531078,25.65256542,25.33366926,25.97286067,0.63919141,0.02655932,0.63529827
whale119,F,Lactating Female,,mom,42,3/8/18 16:00,3,2018,season 2,127.6671644,FC,I1Pro,180308_F27,25,17.3,4608,11.85404697,11.6590237,12.05751841,0.398494707,0.010515581,2.978402023,25.36991049,24.9447594,25.79191166,0.847152264,0.046870997,0.853361722
whale120,unknown,Juvenile Unknown,,,NA,12/6/18 19:12,12,2018,season 3,35.80053241,FC,I1Pro,181206_F40,25,17.3,4608,10.87611648,10.69605296,11.06739892,0.371345963,0.008906702,2.861683004,22.68081045,22.37885388,22.96613172,0.587277844,0.022574462,0.662445469
whale121,unknown,Juvenile Unknown,,,NA,3/9/18 16:23,3,2018,season 2,128.6832292,FC,I1Pro,180309_F32,25,17.3,4608,10.02680439,9.851625059,10.2134618,0.361836741,0.008409842,2.896094003,25.55299816,25.23219715,25.86426454,0.63206739,0.025972769,0.630691917
whale122,F,Non-pregnant Female,,,NA,11/21/18 16:42,11,2018,season 3,20.69596065,FC,I1Pro,181121_F36,25,17.3,4608,12.0116758,11.60074664,12.43240582,0.831659182,0.044710626,6.101035815,25.11375375,24.8386727,25.3887595,0.550086798,0.019724165,0.559226423
whale123,F,Lactating Female,,mom,19,2/26/18 15:34,2,2018,season 2,117.6491435,FC,I1Pro,180226_F04,25,17.3,4608,12.54505339,12.36170216,12.72646913,0.364766973,0.008563976,2.612771754,25.32882251,25.04331654,25.61614006,0.57282352,0.021375028,0.577215982
whale124,unknown,Calf,,calf,19,2/26/18 15:44,2,2018,season 2,117.6560995,FC,I1Pro,180226_F05,25,17.3,4608,7.66244728,7.549509646,7.781594086,0.232084441,0.003425704,2.114419437,25.33007893,25.16739848,25.49377717,0.326378685,0.006881271,0.327489807
whale125,unknown,Calf,,calf,20,2/26/18 16:41,2,2018,season 2,117.6956366,FC,I1Pro,180226_F06,25,17.3,4608,7.785920797,7.623820076,7.957809964,0.333989888,0.007220676,3.045326977,25.15467824,24.83707262,25.48157395,0.644501338,0.02694281,0.6525333
whale126,unknown,Calf,,calf,21,2/26/18 17:19,2,2018,season 2,117.7217014,FC,I1Pro,180226_F07,25,17.3,4608,8.070985347,7.956830135,8.18651009,0.229679954,0.003388494,2.048991167,27.80895267,27.75579058,27.8622463,0.106455715,0.000725145,0.096833959
whale127,F,Juvenile Female,,,NA,3/6/18 15:27,3,2018,season 2,125.6438657,FC,I1Pro,180306_F11,25,17.3,4608,10.63663875,10.50038925,10.76695383,0.266564577,0.00460439,2.080577341,25.42660812,25.26285921,25.59021513,0.327355921,0.006921226,0.327192297
whale128,unknown,Juvenile Unknown,,,NA,3/6/18 16:10,3,2018,season 2,125.67375,FC,I1Pro,180306_F12,25,17.3,4608,8.037416938,7.927637446,8.148557748,0.220920303,0.00315241,1.980446289,26.58349022,26.52297605,26.64331986,0.120343803,0.000923611,0.114322729
whale129,unknown,Calf,,calf,29,3/17/19 18:48,3,2019,season 3,136.7837037,MaRRS,LemHex,190317_L_F2,35,23.5,6000,8.957031707,8.678384793,9.23676084,0.558376048,0.020094489,4.736487818,24.11047181,23.96041775,24.25822307,0.297805317,0.0057384,0.31418807
whale130,unknown,Calf,,calf,38,3/5/19 18:10,3,2019,season 3,124.7574653,MaRRS,LemHex,190305_L_F2,35,23.5,6000,8.760123871,8.426002924,9.5511627,1.125159776,0.075421873,9.278836701,27.06493573,26.69983075,27.42531521,0.725484463,0.034138999,0.6826819
whale131,F,Lactating Female,,mom,30,3/26/19 13:27,3,2019,season 3,145.5608449,MaRRS,LemHex,190326_L_F1,35,23.5,6000,11.99370758,11.77088955,12.23129543,0.46040588,0.013860476,3.399478852,21.9138789,21.66585643,22.15102448,0.485168046,0.015123944,0.561194321
whale132,unknown,Mature Unknown,,,NA,2/24/19 21:28,2,2019,season 3,115.8950231,MaRRS,LemHex,190224_L_F2,35,23.5,6000,11.91547287,11.25911177,13.0520513,1.792939526,0.449770789,19.42853177,24.53488013,24.17583004,24.89610947,0.720279428,0.03369656,0.74818474
whale133,unknown,Mature Unknown,,,NA,3/17/19 19:05,3,2019,season 3,136.7953472,MaRRS,LemHex,190317_L_F3,35,23.5,6000,11.48483661,11.20440107,11.76793262,0.56353155,0.020473022,4.222100521,27.21612529,27.10632376,27.32728854,0.220964774,0.003152541,0.206302319
whale134,F,Lactating Female,,mom,40,3/5/19 19:59,3,2019,season 3,124.8328125,MaRRS,LemHex,190305_L_F4,35,23.5,6000,12.7941568,12.61603542,12.96246647,0.346431054,0.014131819,3.323481046,22.302509,22.08393561,22.5146755,0.430739886,0.011913116,0.489394358
whale135,unknown,Calf,,calf,34,2/26/19 13:46,2,2019,season 3,117.5737963,MaRRS,LemHex,190226_L_F2,35,23.5,6000,8.594280138,8.382930402,8.815964597,0.433034195,0.01225775,3.776596885,26.80834273,26.72895528,26.88836565,0.159410373,0.001589803,0.148731054
whale136,unknown,Juvenile Unknown,,,NA,3/5/19 19:59,3,2019,season 3,124.8328125,MaRRS,LemHex,190305_L_F4,35,23.5,6000,10.78812635,10.40197935,11.16504603,0.763066689,0.038081066,5.94130076,25.24951978,24.86868107,25.64545665,0.776775577,0.03944859,0.786615718
whale137,F,Lactating Female,,mom,31,3/26/19 13:27,3,2019,season 3,145.5608449,MaRRS,LemHex,190326_L_F1,35,23.5,6000,14.62249005,14.46397313,14.78652539,0.322552263,0.006943268,2.179070603,23.59226556,23.35189735,23.84538726,0.493489906,0.015751759,0.531979483
whale138,unknown,Calf,,calf,35,2/26/19 20:37,2,2019,season 3,117.8595602,MaRRS,LemHex,190226_L_F4,35,23.5,6000,8.572512347,8.227130341,8.91429387,0.687163529,0.041294478,6.940518742,25.67354045,25.16846513,26.19685458,1.028389454,0.067971046,1.015491315
whale139,unknown,Juvenile Unknown,,,NA,3/26/19 13:56,3,2019,season 3,145.5809606,MaRRS,LemHex,190326_L_F2,35,23.5,6000,10.54788527,10.4102659,10.68704282,0.276776912,0.005020587,2.181697598,26.30481089,25.97306165,26.63941538,0.666353737,0.028364663,0.640255958
whale140,unknown,Calf,,calf,31,3/26/19 13:27,3,2019,season 3,145.5608449,MaRRS,LemHex,190326_L_F1,35,23.5,6000,9.102232387,8.914401343,9.305321469,0.390920126,0.009809568,3.282849546,24.24131521,23.96350527,24.5135541,0.550048827,0.019562618,0.576975417
whale141,unknown,Calf,,calf,40,3/5/19 19:59,3,2019,season 3,124.8328125,MaRRS,LemHex,190305_L_F4,35,23.5,6000,8.444492412,8.282445221,8.616753378,0.334308157,0.007717329,3.023059814,23.69769901,23.51463796,23.88625872,0.371620763,0.008882178,0.397698146
whale142,F,Lactating Female,,mom,34,2/26/19 13:46,2,2019,season 3,117.5737963,MaRRS,LemHex,190226_L_F2,35,23.5,6000,12.82933908,12.6207446,13.02762413,0.406879533,0.014120755,3.317621372,26.52425838,25.96169956,27.10967641,1.14797685,0.084984562,1.099073583
whale143,unknown,Mature Unknown,,,NA,3/26/19 13:56,3,2019,season 3,145.5809606,MaRRS,LemHex,190326_L_F2,35,23.5,6000,11.60434507,11.46266634,11.75014763,0.287481291,0.005514208,2.179873396,28.76550426,28.42963872,29.12437464,0.694735922,0.031294557,0.614982013
whale144,unknown,Juvenile Unknown,,,NA,2/22/19 15:13,2,2019,season 3,113.6344907,MaRRS,LemHex,190222_L_F1,35,23.5,6000,9.776146771,9.489518386,10.71411293,1.224594543,0.091191266,9.658123777,24.90183332,24.75050427,25.05221882,0.30171455,0.005917043,0.308902222
whale145,unknown,Juvenile Unknown,,,NA,3/17/19 17:55,3,2019,season 3,136.7467361,MaRRS,LemHex,190317_L_F1,35,23.5,6000,9.42882691,9.312534872,9.552070754,0.239535882,0.003701032,1.981219343,24.53269019,24.38166021,24.68657385,0.304913644,0.00596136,0.314722297
whale146,unknown,Mature Unknown,,,NA,12/16/18 13:25,12,2018,season 3,45.55912037,MaRRS,LemHex,181216_L_F2,35,23.5,6000,12.92448166,12.78950521,13.06029719,0.270791974,0.00476842,1.920793428,26.58697257,26.2093462,26.94920219,0.739855991,0.035039015,0.704055765
whale147,F,Lactating Female,,mom,36,3/1/19 13:04,3,2019,season 3,120.544838,MaRRS,LemHex,190301_L_F1,35,23.5,6000,13.54554063,13.23340083,13.89639324,0.662992407,0.032069927,4.865761434,22.61968678,22.40234697,22.84270167,0.440354702,0.012587653,0.496004706
whale148,F,Lactating Female,,mom,27,12/24/18 19:29,12,2018,season 3,53.81203704,MaRRS,LemHex,181224_L_F1,35,23.5,6000,13.58141739,13.42402585,13.74126359,0.317237742,0.006932554,2.259301002,20.95751163,20.5282528,21.36464148,0.836388679,0.044913523,1.011227443
whale149,unknown,Calf,,calf,39,3/5/19 19:08,3,2019,season 3,124.7977778,MaRRS,LemHex,190305_L_F3,35,23.5,6000,8.070790574,7.93088224,8.214741981,0.283859741,0.005277136,2.557061172,25.09330353,24.93889199,25.24218134,0.303289357,0.005993174,0.308510963
whale150,unknown,Mature Unknown,,,NA,12/16/18 19:57,12,2018,season 3,45.83128472,MaRRS,LemHex,181216_L_F3,35,23.5,6000,13.58327922,13.4710977,13.69505624,0.223958534,0.003216682,1.538869243,20.80252434,20.53289332,21.06174662,0.528853303,0.018086766,0.64649389
whale151,unknown,Mature Unknown,,,NA,2/24/19 14:45,2,2019,season 3,115.6152199,MaRRS,LemHex,190224_L_F1,35,23.5,6000,12.49761812,12.13739566,12.8675355,0.730139843,0.088680935,8.423673158,25.88422894,25.63455501,26.13368954,0.499134531,0.016252334,0.492518608
whale152,unknown,Calf,,calf,33,2/26/19 12:51,2,2019,season 3,117.5360764,MaRRS,LemHex,190226_L_F1,35,23.5,6000,8.57306512,8.448167408,8.704284025,0.256116617,0.004503816,2.292040254,27.37359573,27.02545934,27.71775458,0.692295237,0.031113696,0.644382823
whale153,unknown,Mature Unknown,,,NA,12/16/18 19:57,12,2018,season 3,45.83128472,MaRRS,LemHex,181216_L_F3,35,23.5,6000,13.16647242,13.03050119,13.30224662,0.271745425,0.004806019,1.910548399,22.85310025,22.41111244,23.29885405,0.887741603,0.051092735,0.989086902
whale154,F,Lactating Female,,mom,38,3/5/19 18:10,3,2019,season 3,124.7574653,MaRRS,LemHex,190305_L_F2,35,23.5,6000,12.23268709,11.9068633,13.43749666,1.530633366,0.141379146,10.75057625,26.6265842,26.22981313,27.02183388,0.792020752,0.04034199,0.754333169
whale155,F,Lactating Female,,mom,35,2/26/19 20:37,2,2019,season 3,117.8595602,MaRRS,LemHex,190226_L_F4,35,23.5,6000,13.10067785,12.86685426,13.34754987,0.480695609,0.019250173,3.833279093,25.13497346,24.81692603,25.46661585,0.649689827,0.027336466,0.657798306
whale156,F,Lactating Female,,mom,29,3/17/19 18:48,3,2019,season 3,136.7837037,MaRRS,LemHex,190317_L_F2,35,23.5,6000,15.08891355,14.598197,15.57577375,0.977576749,0.060737523,6.344531403,21.84461053,21.63688553,22.05796358,0.421078052,0.01143894,0.489608086
whale157,unknown,Calf,,calf,36,3/1/19 13:04,3,2019,season 3,120.544838,MaRRS,LemHex,190301_L_F1,35,23.5,6000,8.695709566,8.542873727,8.855201844,0.312328117,0.007356743,2.90864205,26.72523858,26.43622306,27.00266893,0.56644587,0.020780938,0.539400045
whale158,unknown,Juvenile Unknown,,,NA,12/24/18 19:29,12,2018,season 3,53.81203704,MaRRS,LemHex,181224_L_F1,35,23.5,6000,9.344570923,9.168372559,9.532138309,0.36376575,0.008533109,3.021857406,23.91163747,23.24322264,24.55774296,1.314520313,0.111333048,1.395412894
whale159,unknown,Juvenile Unknown,,,NA,2/25/19 14:22,2,2019,season 3,116.5989815,MaRRS,LemHex,190225_L_F2,35,23.5,6000,11.43224686,11.13504287,11.73952011,0.604477243,0.044166961,6.215598659,26.84724873,26.60972888,27.08574057,0.476011685,0.014748986,0.452356978
whale160,unknown,Juvenile Unknown,,,NA,2/25/19 14:22,2,2019,season 3,116.5989815,MaRRS,LemHex,190225_L_F2,35,23.5,6000,11.18062171,10.96173353,11.42007779,0.45834426,0.015847472,3.764844308,26.58588674,26.38324779,26.79552959,0.412281797,0.010970178,0.393963225
whale161,F,Lactating Female,,mom,33,2/26/19 12:51,2,2019,season 3,117.5360764,MaRRS,LemHex,190226_L_F1,35,23.5,6000,13.85392045,13.41008468,14.98772472,1.577640036,0.19440101,11.84575957,24.21367658,23.84085164,24.58194321,0.741091573,0.035390021,0.776926032
whale162,unknown,Calf,,calf,32,2/24/19 21:28,2,2019,season 3,115.8950231,MaRRS,LemHex,190224_L_F2,35,23.5,6000,8.197258073,7.953985538,8.419652651,0.465667112,0.040768254,7.052234641,24.72976844,24.37520554,25.086993,0.711787465,0.032800113,0.7323482
whale163,unknown,Juvenile Unknown,,,NA,2/26/19 20:37,2,2019,season 3,117.8595602,MaRRS,LemHex,190226_L_F4,35,23.5,6000,8.635487785,8.401325444,9.311043054,0.909717611,0.043562972,7.102566576,22.14778121,21.75496092,22.51904453,0.764083606,0.037791589,0.877742955
whale164,unknown,Calf,,calf,28,12/24/18 19:29,12,2018,season 3,53.81203704,MaRRS,LemHex,181224_L_F1,35,23.5,6000,8.068334931,7.966076083,8.179612337,0.213536255,0.002984372,1.923244725,21.86435439,21.52374357,22.19515627,0.671412698,0.029248761,0.782198681
whale165,F,Non-pregnant Female,,,NA,12/16/18 13:25,12,2018,season 3,45.55912037,MaRRS,LemHex,181216_L_F2,35,23.5,6000,12.81011759,12.63522286,12.98902301,0.353800148,0.008296355,2.544878807,26.17983126,25.96874973,26.38826208,0.419512354,0.011485177,0.4093568
whale166,unknown,Calf,,calf,27,12/24/18 19:29,12,2018,season 3,53.81203704,MaRRS,LemHex,181224_L_F1,35,23.5,6000,8.855244239,8.741894962,8.970094025,0.228199063,0.003356044,1.946764966,22.36830917,21.94436497,22.80034655,0.855981583,0.047069862,0.96992534
whale167,unknown,Juvenile Unknown,,,NA,2/26/19 14:38,2,2019,season 3,117.6098495,MaRRS,LemHex,190226_L_F3,35,23.5,6000,9.07348547,8.747317583,9.564416321,0.817098738,0.045096744,7.049941631,26.92298394,26.52837374,27.30243166,0.774057916,0.038523448,0.7290199
whale168,unknown,Juvenile Unknown,,,NA,2/25/19 13:59,2,2019,season 3,116.583206,MaRRS,LemHex,190225_L_F1,35,23.5,6000,10.7513736,10.59697298,10.91196626,0.314993276,0.006481575,2.455321144,26.1109563,25.65978103,26.57037855,0.91059752,0.053760765,0.887993814
whale169,F,Lactating Female,,mom,28,12/24/18 19:29,12,2018,season 3,53.81203704,MaRRS,LemHex,181224_L_F1,35,23.5,6000,11.70460847,11.52309116,11.89504743,0.371956271,0.009030037,2.777578314,24.08700665,23.72031087,24.44642189,0.726111026,0.034197701,0.76774257
whale170,unknown,Juvenile Unknown,,,NA,2/23/19 20:37,2,2019,season 3,114.8596181,MaRRS,LemHex,190223_L_F1,35,23.5,6000,10.27019807,9.786313735,11.00346802,1.217154284,0.221469457,14.68478225,25.02872325,24.56219894,25.48445161,0.922252671,0.054652793,0.934044322
whale171,unknown,Juvenile Unknown,,,NA,2/23/19 20:37,2,2019,season 3,114.8596181,MaRRS,LemHex,190223_L_F1,35,23.5,6000,10.43851176,9.870030648,11.10730472,1.237274076,0.26118003,15.81796794,26.03329797,25.78795515,26.28613896,0.498183811,0.016066676,0.486893332
whale172,unknown,Juvenile Unknown,,,NA,2/24/19 14:45,2,2019,season 3,115.6152199,MaRRS,LemHex,190224_L_F1,35,23.5,6000,10.03618439,9.872316354,10.21200378,0.339687427,0.008246526,2.866495091,25.74283764,25.42123775,26.06848387,0.64724612,0.027149388,0.640064297
whale173,F,Lactating Female,,mom,39,3/5/19 19:08,3,2019,season 3,124.7977778,MaRRS,LemHex,190305_L_F3,35,23.5,6000,12.5327537,12.30334308,12.78538625,0.482043166,0.015701031,3.539491136,23.25908901,23.09504067,23.42609968,0.331059013,0.007086062,0.361917646
whale174,F,Lactating Female,,mom,32,2/24/19 21:28,2,2019,season 3,115.8950231,MaRRS,LemHex,190224_L_F2,35,23.5,6000,12.96700871,12.64961223,13.30256711,0.652954875,0.03062716,4.859968601,25.7531588,25.19770157,26.30441018,1.106708617,0.079804797,1.096942826
whale175,unknown,Juvenile Unknown,,,NA,3/7/18 19:58,3,2018,season 2,126.8323148,MaRRS,LemHex,180307_L_F9,50,23.5,6000,10.45194511,10.2892858,10.61854756,0.329261759,0.006907768,2.570812009,26.68154016,26.42778615,26.93137377,0.503587614,0.016387515,0.479783879
whale176,F,Lactating Female,,mom,8,3/2/18 18:51,3,2018,season 2,121.7860995,MaRRS,LemHex,180302_L_F2,50,23.5,6000,11.26584641,10.90055449,11.64794237,0.747387888,0.035605596,5.621823598,25.25761892,25.05287758,25.46325613,0.410378556,0.010921684,0.413763717
whale177,F,Lactating Female,,mom,9,3/7/18 11:54,3,2018,season 2,126.4960301,MaRRS,LemHex,180307_L_F2,50,23.5,6000,12.68876956,12.48639252,12.89653833,0.410145807,0.010746671,2.910229395,29.10646847,28.83090529,29.38109101,0.550185718,0.019683361,0.482014511
whale178,F,Juvenile Female,,,NA,3/7/18 12:25,3,2018,season 2,126.5175,MaRRS,LemHex,180307_L_F3,50,23.5,6000,11.37907858,10.44107383,12.37858672,1.937512884,0.242205988,14.589449,30.50874835,30.37968817,30.6312386,0.251550424,0.00366237,0.198361188
whale179,F,Lactating Female,,mom,11,3/7/18 12:39,3,2018,season 2,126.527662,MaRRS,LemHex,180307_L_F4,50,23.5,6000,13.35639516,13.18575819,13.52256244,0.33680425,0.007390049,2.352225928,26.19488088,26.01421812,26.37520712,0.360989003,0.00846426,0.351219052
whale180,unknown,Calf,,calf,7,2/27/18 12:26,2,2018,season 2,118.5184028,MaRRS,LemHex,180227_L_F4,50,23.5,6000,9.008421118,8.655208883,9.370975537,0.715766654,0.03267276,6.022385749,25.51450193,25.15330408,25.88499745,0.731693369,0.034145935,0.724239842
whale181,F,Non-pregnant Female,,,NA,6/11/18 15:51,6,2018,season 2,222.6609259,MaRRS,LemHex,180611_L_F2,50,23.5,6000,12.74087894,12.52790412,12.97436599,0.44646187,0.012876521,3.179066196,27.24699962,27.02243308,27.46610893,0.443675846,0.01264966,0.412781993
whale182,unknown,Calf,,calf,10,3/7/18 11:54,3,2018,season 2,126.4960301,MaRRS,LemHex,180307_L_F2,50,23.5,6000,8.305866277,8.190003883,8.422357441,0.232353558,0.003486478,2.048806652,26.22336171,25.79197664,26.66872275,0.876746111,0.049978088,0.852513871
whale183,F,Non-pregnant Female,,,NA,6/9/18 16:47,6,2018,season 2,220.6998611,MaRRS,LemHex,180609_L_F2,50,23.5,6000,12.69542864,12.56090209,12.83875227,0.277850176,0.004884039,1.961398656,30.02780642,29.82618338,30.23623618,0.410052804,0.010956777,0.348592315
whale184,unknown,Calf,,calf,8,3/2/18 18:51,3,2018,season 2,121.7860995,MaRRS,LemHex,180302_L_F2,50,23.5,6000,7.849838821,7.458915829,8.236161275,0.777245446,0.038473418,7.000837777,24.32732423,23.94525584,24.70608599,0.760830149,0.03770299,0.798166605
whale185,F,Juvenile Female,No,,NA,2/27/18 11:45,2,2018,season 2,118.4898264,MaRRS,LemHex,180227_L_F2,50,23.5,6000,9.618300491,9.196530849,10.0439583,0.847427453,0.04734589,7.01603862,27.57220301,27.27854129,27.85959828,0.58105699,0.021908351,0.536825791
whale186,F,Non-pregnant Female,NA,,NA,2/27/18 13:04,2,2018,season 2,118.5450463,MaRRS,LemHex,180227_L_F5,50,23.5,6000,11.91636901,11.83498246,11.99864121,0.163658746,0.001724662,1.203039845,28.00873006,27.76601101,28.24198066,0.475969643,0.014665471,0.432369034
whale187,F,Non-pregnant Female,,,NA,3/7/18 20:13,3,2018,season 2,126.8426736,MaRRS,LemHex,180307_L_F10,50,23.5,6000,12.2292962,12.04021906,12.41698298,0.376763922,0.008962603,2.707175163,26.76921358,26.52552736,27.00727611,0.481748752,0.015016694,0.45777445
whale188,F,Non-pregnant Female,,,NA,3/7/18 20:13,3,2018,season 2,126.8426736,MaRRS,LemHex,180307_L_F10,50,23.5,6000,13.29522552,13.13509252,13.45579826,0.320705739,0.006493774,2.210043043,29.62979177,29.39064185,29.86596638,0.475324524,0.01463165,0.408242346
whale189,unknown,Juvenile Unknown,,,NA,2/27/18 11:13,2,2018,season 2,118.4676389,MaRRS,LemHex,180227_L_F1,50,23.5,6000,10.03015957,9.617253252,10.45279178,0.835538527,0.045705736,6.750429883,25.18508266,24.75551651,25.63324849,0.877731986,0.049878134,0.886771481
whale190,F,Lactating Female,,mom,7,2/27/18 12:26,2,2018,season 2,118.5184028,MaRRS,LemHex,180227_L_F4,50,23.5,6000,13.4248079,12.85856045,13.98503742,1.126476973,0.082165858,7.823330118,24.12710762,23.45441299,24.77811326,1.323700269,0.113060271,1.393637263
whale191,unknown,Mature Unknown,,,NA,6/9/18 18:27,6,2018,season 2,220.7693634,MaRRS,LemHex,180609_L_F4,50,23.5,6000,13.9740425,13.77030973,14.19627511,0.425965378,0.012090062,2.941394179,27.49185436,27.25884006,27.73186087,0.473020803,0.01443494,0.437022155
whale192,F,Non-pregnant Female,,,NA,3/7/18 20:39,3,2018,season 2,126.8604861,MaRRS,LemHex,180307_L_F11,50,23.5,6000,12.68247792,12.55237485,12.80723367,0.254858819,0.004128442,1.804226365,27.74643017,27.52593393,27.96790373,0.441969799,0.012629092,0.40502232
whale193,unknown,Mature Unknown,,,NA,6/9/18 18:27,6,2018,season 2,220.7693634,MaRRS,LemHex,180609_L_F4,50,23.5,6000,13.99953673,13.85166456,14.14733327,0.295668707,0.005653658,2.009592274,28.72409762,28.33381255,29.10474983,0.77093728,0.038407971,0.68228259
whale194,F,Non-pregnant Female,,,NA,6/9/18 17:43,6,2018,season 2,220.7386458,MaRRS,LemHex,180609_L_F3,50,23.5,6000,13.42201939,13.27325116,13.57068017,0.297429016,0.005746914,2.069228364,24.28395659,24.05956011,24.5132582,0.45369809,0.013276343,0.474482042
whale195,unknown,Juvenile Unknown,,,NA,3/2/18 15:31,3,2018,season 2,121.6467361,MaRRS,LemHex,180302_L_F1,50,23.5,6000,11.25481115,10.98376549,11.52318792,0.539422428,0.01895591,4.103960854,25.81134709,25.67580873,25.95120612,0.275397387,0.00493046,0.272040175
whale196,unknown,Mature Unknown,,,NA,6/9/18 17:43,6,2018,season 2,220.7386458,MaRRS,LemHex,180609_L_F3,50,23.5,6000,12.26094279,12.12687799,12.40377231,0.276894323,0.004920296,2.003243232,27.71479012,27.45639638,27.97997987,0.523583484,0.017720104,0.480309901
whale197,unknown,Mature Unknown,,,NA,6/11/18 15:51,6,2018,season 2,222.6609259,MaRRS,LemHex,180611_L_F2,50,23.5,6000,12.45312557,12.24552685,12.66502899,0.41950214,0.011632954,3.056369309,29.7247095,29.34929948,30.08709531,0.73779583,0.035051972,0.629852142
whale198,unknown,Mature Unknown,,,NA,6/9/18 17:43,6,2018,season 2,220.7386458,MaRRS,LemHex,180609_L_F3,50,23.5,6000,13.98075068,13.76886855,14.18994255,0.421074002,0.011393171,2.854677628,28.65155659,28.38654936,28.92106617,0.534516801,0.018548872,0.475346756
whale199,unknown,Calf,,calf,9,3/7/18 11:54,3,2018,season 2,126.4960301,MaRRS,LemHex,180307_L_F2,50,23.5,6000,8.195319479,7.839235123,8.545517909,0.706282786,0.032434088,6.290974187,25.93640631,25.82762537,26.04141667,0.213791302,0.00296546,0.209959844
whale200,F,Juvenile Female,,,NA,2/27/18 11:13,2,2018,season 2,118.4676389,MaRRS,LemHex,180227_L_F1,50,23.5,6000,10.52531578,10.06313664,10.99736081,0.934224174,0.056243351,7.310010918,28.47803157,28.13475472,28.80786072,0.673105998,0.029553532,0.603663241
whale201,F,Lactating Female,,mom,10,3/7/18 11:54,3,2018,season 2,126.4960301,MaRRS,LemHex,180307_L_F2,50,23.5,6000,11.38195697,11.10606031,11.66216404,0.556103734,0.020009978,4.192903187,23.88500393,23.18467749,24.57007261,1.385395123,0.125443179,1.48285337
whale202,unknown,Mature Unknown,,,NA,6/9/18 16:47,6,2018,season 2,220.6998611,MaRRS,LemHex,180609_L_F2,50,23.5,6000,12.61215753,12.48041039,12.74214787,0.261737488,0.004358037,1.858877377,30.02917754,29.78302427,30.27640898,0.493384713,0.015623255,0.41623857
whale203,unknown,Mature Unknown,,,NA,6/11/18 17:19,6,2018,season 2,222.7218981,MaRRS,LemHex,180611_L_F3,50,23.5,6000,13.84178397,13.68490964,14.01259286,0.327683226,0.006878894,2.22927314,29.94529981,29.75148307,30.14050693,0.38902386,0.00975239,0.329781945